{
  "project_info": {
    "project_number": "872795123117",
    "project_id": "cafe-managment-c7ef0",
    "storage_bucket": "cafe-managment-c7ef0.appspot.com"
  },
  "client": [
    {
      "client_info": {
        "mobilesdk_app_id": "1:872795123117:android:7673639e783a0ef0f98524",
        "android_client_info": {
          "package_name": "com.example.cafemanagment"
        }
      },
      "oauth_client": [
        {
          "client_id": "872795123117-c60hi06scca1jt28gl54dv043itb6rgc.apps.googleusercontent.com",
          "client_type": 3
        }
      ],
      "api_key": [
        {
          "current_key": "AIzaSyC2CnfatX-SXKKF7XlUp3iPPhxSg5t4aIw"
        }
      ],
      "services": {
        "appinvite_service": {
          "other_platform_oauth_client": [
            {
              "client_id": "872795123117-c60hi06scca1jt28gl54dv043itb6rgc.apps.googleusercontent.com",
              "client_type": 3
            }
          ]
        }
      }
    }
  ],
  "configuration_version": "1"
}